{
  "name": "void-icon",
  "css_prefix_text": "voidicon-",
  "css_use_suffix": false,
  "hinting": true,
  "units_per_em": 1000,
  "ascent": 850,
  "glyphs": [
    {
      "uid": "9dd9e835aebe1060ba7190ad2b2ed951",
      "css": "search",
      "code": 59392,
      "src": "fontawesome"
    },
    {
      "uid": "aa035df0908c4665c269b7b09a5596f3",
      "css": "sun",
      "code": 61829,
      "src": "fontawesome"
    },
    {
      "uid": "567e3e257f2cc8fba2c12bf691c9f2d8",
      "css": "moon",
      "code": 61830,
      "src": "fontawesome"
    },
    {
      "uid": "e99461abfef3923546da8d745372c995",
      "css": "cog",
      "code": 59393,
      "src": "fontawesome"
    },
    {
      "uid": "3a00327e61b997b58518bd43ed83c3df",
      "css": "login",
      "code": 59394,
      "src": "fontawesome"
    },
    {
      "uid": "0d20938846444af8deb1920dc85a29fb",
      "css": "logout",
      "code": 59395,
      "src": "fontawesome"
    },
    {
      "uid": "4743b088aa95d6f3b6b990e770d3b647",
      "css": "facebook",
      "code": 62216,
      "src": "fontawesome"
    },
    {
      "uid": "0f6a2573a7b6df911ed199bb63717e27",
      "css": "github",
      "code": 61595,
      "src": "fontawesome"
    },
    {
      "uid": "4c1ef492f1d2c39a2250ae457cee2a6e",
      "css": "instagram",
      "code": 61805,
      "src": "fontawesome"
    },
    {
      "uid": "da851b7c1f84ee83f93b29ae613558dc",
      "css": "pinterest",
      "code": 61650,
      "src": "fontawesome"
    },
    {
      "uid": "657ff9fe5df74f1993937aa4b19cf909",
      "css": "qq",
      "code": 61910,
      "src": "fontawesome"
    },
    {
      "uid": "e1597911f34fea0a188ae51fe4a2d9a9",
      "css": "stackoverflow",
      "code": 61804,
      "src": "fontawesome"
    },
    {
      "uid": "627abcdb627cb1789e009c08e2678ef9",
      "css": "twitter",
      "code": 61593,
      "src": "fontawesome"
    },
    {
      "uid": "34cb6ce62bf3f1efd59e2f5eb0d79f82",
      "css": "wechat",
      "code": 61911,
      "src": "fontawesome"
    },
    {
      "uid": "9854b94688e31450fc76aae4c2a45dff",
      "css": "weibo",
      "code": 61834,
      "src": "fontawesome"
    },
    {
      "uid": "c5af9b4626c0f2fa6dc259f9f035b055",
      "css": "safari",
      "code": 62055,
      "src": "fontawesome"
    },
    {
      "uid": "bd7fd67bed189448225cad0fe4ef3d7c",
      "css": "chrome",
      "code": 62056,
      "src": "fontawesome"
    },
    {
      "uid": "c97bfbcfb31e74be0653d8551c89a40f",
      "css": "firefox",
      "code": 62057,
      "src": "fontawesome"
    },
    {
      "uid": "52f734427edaded2af2fc050ac5d3554",
      "css": "opera",
      "code": 62058,
      "src": "fontawesome"
    },
    {
      "uid": "c0a33f22eaeba6c843457bc23a7ab2a8",
      "css": "internet-explorer",
      "code": 62059,
      "src": "fontawesome"
    },
    {
      "uid": "53c28626072159c49f33b71d67138ad9",
      "css": "comment",
      "code": 62074,
      "src": "fontawesome"
    },
    {
      "uid": "03957a1f03b5ae5dfac6e5027d893157",
      "css": "edge",
      "code": 62082,
      "src": "fontawesome"
    },
    {
      "uid": "7cca4643f1e938c673e91c0c78058ddf",
      "css": "gitlab",
      "code": 62102,
      "src": "fontawesome"
    },
    {
      "uid": "ef0e69c3275e8c845aca69a79900092d",
      "css": "digg",
      "code": 61862,
      "src": "fontawesome"
    },
    {
      "uid": "199c44bca402ec5a6351f75ba5228375",
      "css": "dribbble",
      "code": 61821,
      "src": "fontawesome"
    },
    {
      "uid": "1145676a91138011729fa2909997af66",
      "css": "linkedin",
      "code": 62220,
      "src": "fontawesome"
    },
    {
      "uid": "fb4794d89b77ab712ad56c0dc4c76c6b",
      "css": "spotify",
      "code": 61884,
      "src": "fontawesome"
    },
    {
      "uid": "727544621cb891115c99b4a4cfed01df",
      "css": "steam-squared",
      "code": 61879,
      "src": "fontawesome"
    },
    {
      "uid": "5b79895d979c408282b4e92fa7db8e82",
      "css": "tumblr",
      "code": 61812,
      "src": "fontawesome"
    },
    {
      "uid": "a9862b9d5197886c1ad693ecd7120b31",
      "css": "youtube",
      "code": 61799,
      "src": "fontawesome"
    },
    {
      "uid": "2726ee8140faa11aba6a4183a8a8b903",
      "css": "quora",
      "code": 62148,
      "src": "fontawesome"
    },
    {
      "uid": "af4312b5501867fa089ec3afeece5630",
      "css": "podcast",
      "code": 62158,
      "src": "fontawesome"
    },
    {
      "uid": "bf882b30900da12fca090d9796bc3030",
      "css": "mail",
      "code": 59396,
      "src": "fontawesome"
    },
    {
      "uid": "72b1277834cba5b7944b0a6cac7ddb0d",
      "css": "rss",
      "code": 61598,
      "src": "fontawesome"
    },
    {
      "uid": "5b0772e9484a1a11646793a82edd622a",
      "css": "pin",
      "code": 59397,
      "src": "fontawesome"
    },
    {
      "uid": "0d08dbb1dd648a43bdea81b7e6c9e036",
      "css": "location",
      "code": 59398,
      "src": "fontawesome"
    },
    {
      "uid": "f9cbf7508cd04145ade2800169959eef",
      "css": "font",
      "code": 59399,
      "src": "fontawesome"
    },
    {
      "uid": "ca90da02d2c6a3183f2458e4dc416285",
      "css": "adjust",
      "code": 59400,
      "src": "fontawesome"
    },
    {
      "uid": "0f444c61b0d2c9966016d7ddb12f5837",
      "css": "beaker",
      "code": 61635,
      "src": "fontawesome"
    },
    {
      "uid": "0b5f5c9abb1b4f21e75ff572955aa1de",
      "css": "wikipedia-w",
      "code": 62054,
      "src": "fontawesome"
    },
    {
      "uid": "0636c283a9822288a767609062bbf4a4",
      "css": "wordpress",
      "code": 59401,
      "src": "zocial"
    },
    {
      "uid": "bc71f4c6e53394d5ba46b063040014f1",
      "css": "cw",
      "code": 59402,
      "src": "fontawesome"
    },
    {
      "uid": "38575a803c4da31ce20d77e1e1236bcb",
      "css": "telegram",
      "code": 61912,
      "src": "fontawesome"
    },
    {
      "uid": "8b80d36d4ef43889db10bc1f0dc9a862",
      "css": "user",
      "code": 59403,
      "src": "fontawesome"
    },
    {
      "uid": "9ea0a737ccc45d6c510dcbae56058849",
      "css": "music",
      "code": 59404,
      "src": "fontawesome"
    },
    {
      "uid": "872d9516df93eb6b776cc4d94bd97dac",
      "css": "video",
      "code": 59405,
      "src": "fontawesome"
    },
    {
      "uid": "0f99ab40ab0b4d64a74f2d0deeb03e42",
      "css": "videocam",
      "code": 59406,
      "src": "fontawesome"
    },
    {
      "uid": "381da2c2f7fd51f8de877c044d7f439d",
      "css": "picture",
      "code": 59407,
      "src": "fontawesome"
    },
    {
      "uid": "dc3f1d5b1d006f7f7b3b6295eccab9da",
      "css": "camera",
      "code": 59408,
      "src": "fontawesome"
    },
    {
      "uid": "e82cedfa1d5f15b00c5a81c9bd731ea2",
      "css": "info-circled",
      "code": 59409,
      "src": "fontawesome"
    },
    {
      "uid": "0ddd3e8201ccc7d41f7b7c9d27eca6c1",
      "css": "link",
      "code": 59410,
      "src": "fontawesome"
    },
    {
      "uid": "d7271d490b71df4311e32cdacae8b331",
      "css": "home",
      "code": 59411,
      "src": "fontawesome"
    },
    {
      "uid": "e15f0d620a7897e2035c18c80142f6d9",
      "css": "link-ext",
      "code": 61582,
      "src": "fontawesome"
    },
    {
      "uid": "04ff8d6592fe548b332b27ed87ce397a",
      "css": "box",
      "code": 61831,
      "src": "fontawesome"
    },
    {
      "uid": "95376bf082bfec6ce06ea1cda7bd7ead",
      "css": "up",
      "code": 59412,
      "src": "fontawesome"
    },
    {
      "uid": "aa0d9175a3919a260a4012d560e9f01e",
      "css": "right-hand",
      "code": 59413,
      "src": "fontawesome"
    },
    {
      "uid": "3d99d345645f43e31e9e0fd48be37e9c",
      "css": "left-hand",
      "code": 59414,
      "src": "fontawesome"
    },
    {
      "uid": "034e645aa3bad56ce68389a816547c87",
      "css": "up-hand",
      "code": 59415,
      "src": "fontawesome"
    },
    {
      "uid": "beb43b8df442eac4b8d35f528d5ed5af",
      "css": "down-hand",
      "code": 59416,
      "src": "fontawesome"
    },
    {
      "uid": "e9fa538fd5913046497ac148e27cd8ea",
      "css": "apple",
      "code": 61817,
      "src": "fontawesome"
    },
    {
      "uid": "1c4068ed75209e21af36017df8871802",
      "css": "down",
      "code": 59417,
      "src": "fontawesome"
    },
    {
      "uid": "555ef8c86832e686fef85f7af2eb7cde",
      "css": "left",
      "code": 59418,
      "src": "fontawesome"
    },
    {
      "uid": "ad6b3fbb5324abe71a9c0b6609cbb9f1",
      "css": "right",
      "code": 59419,
      "src": "fontawesome"
    },
    {
      "uid": "acf41aa4018e58d49525665469e35665",
      "css": "thumbs-up",
      "code": 59420,
      "src": "fontawesome"
    },
    {
      "uid": "7533e68038fc6d520ede7a7ffa0a2f64",
      "css": "thumbs-down",
      "code": 59421,
      "src": "fontawesome"
    }
  ]
}